{"type": "block", "layer": 1, "block": 0, "features": [{"geom": {"pts": [[6.9596793822108705, -0.947697422251198, 3.382135623766344]], "rotateX": 0, "rotateY": 0, "rotateZ": 0, "scale": 0.22809822351276368}, "model": 0}], "featureCount": 1}