{"type": "block", "layer": 3, "block": 0, "features": [{"geom": {"polygons": [[[[2.757309385730422, 8.811114035682744], [2.7675900844345236, 10.962308369492924], [8.92539066696375, 10.935237646233764], [8.914605285519727, 8.460783843072672], [8.914510339004167, 8.439015097597702], [2.7485821327428828, 8.465872951813292], [2.748677100926611, 8.487659244999612], [2.750067332956152, 8.806587752733686], [2.757309385730422, 8.811114035682744]]]], "centroids": [[5.840243964733394, 9.70039611610709, 2.19215502109103]], "h": 1.1404911175638184}, "mtl": {"face": 0, "edge": 1}}, {"geom": {"polygons": [[[[2.7675900844345236, 10.962308369492924], [2.750067332956152, 8.806587752733686], [2.3109824261957734, 8.808501627389575], [2.314780294678298, 9.679828552671], [2.3348614831712022, 10.96400937521146], [2.7675900844345236, 10.962308369492924]]]], "centroids": [[2.539381542925123, 9.88229616401599, 2.2876917741653675]], "h": 0.9123928940510547}, "mtl": {"face": 0, "edge": 1}}], "featureCount": 2}